{"_runtime":2404.563620222,"_step":2371,"train/loss":0.17181728780269623,"train/avg_loss":0.031386881752488785,"train/learning_rate":0.0001,"train/global_step":2371,"_timestamp":1.757837513676511e+09,"_wandb":{"runtime":2404}}