{"_step":8685,"train/loss":0.11767816543579102,"train/avg_loss":0.002924386703151358,"train/learning_rate":0.0001,"_wandb":{"runtime":48071},"_runtime":48071.233957756,"train/global_step":8685,"_timestamp":1.7578239162150705e+09}