{"_runtime":6768.995983009,"_step":3214,"train/loss":0.033578645437955856,"train/avg_loss":0.004305478376663836,"train/learning_rate":0.0001,"train/global_step":3214,"_timestamp":1.757824513989405e+09,"_wandb":{"runtime":6768}}